row_id,book_title,book_author,book_publication_year,film_title,movie_release_year,release_period,genre_bucket,match_confidence,fiction_work_raw,film_adaptation_raw,source_page_url
1,69,Ryu Murakami,1987,69,2004,2000_2004,Drama_Literary,medium,"69 (シクスティナイン, Shikusutinain) (1987), Ryu Murakami",69 (2004),"https://en.wikipedia.org/wiki/List_of_fiction_works_made_into_feature_films_(0%E2%80%939,_A%E2%80%93C)"
2,A Good Year,Peter Mayle,2004,A Good Year,2006,2005_2009,Drama_Literary,medium,"A Good Year (2004), Peter Mayle",A Good Year (2006),https://en.wikipedia.org/wiki/List_of_fiction_works_made_into_feature_films_(D%E2%80%93J)
3,A Princess of Mars,Edgar Rice Burroughs,1917,John Carter,2012,2010_2014,Drama_Literary,medium,"A Princess of Mars (1917), Edgar Rice Burroughs",John Carter (2012),https://en.wikipedia.org/wiki/List_of_fiction_works_made_into_feature_films_(K%E2%80%93R)
4,A Watcher in the Woods,Florence Engel Randall,1976,The Watcher in the Woods,2017,2015_2019,Drama_Literary,medium,"A Watcher in the Woods (1976), Florence Engel Randall",The Watcher in the Woods (2017),https://en.wikipedia.org/wiki/List_of_fiction_works_made_into_feature_films_(S%E2%80%93Z)
5,All Quiet on the Western Front,Erich Maria Remarque,1929,All Quiet on the Western Front,2022,2020_2024,Drama_Literary,medium,"All Quiet on the Western Front (German: Im Westen nichts Neues) (1929), Erich Maria Remarque",All Quiet on the Western Front (2022),"https://en.wikipedia.org/wiki/List_of_fiction_works_made_into_feature_films_(0%E2%80%939,_A%E2%80%93C)"
6,A Connecticut Yankee in King Arthur's Court,Mark Twain,1889,Black Knight,2001,2000_2004,Drama_Literary,medium,"A Connecticut Yankee in King Arthur's Court (1889), Mark Twain",Black Knight (2001),"https://en.wikipedia.org/wiki/List_of_fiction_works_made_into_feature_films_(0%E2%80%939,_A%E2%80%93C)"
7,A Stir of Echoes,Richard Matheson,1958,Stir of Echoes: The Homecoming,2007,2005_2009,Drama_Literary,medium,"A Stir of Echoes (1958), Richard Matheson",Stir of Echoes: The Homecoming (2007),https://en.wikipedia.org/wiki/List_of_fiction_works_made_into_feature_films_(S%E2%80%93Z)
8,A Very Private Gentleman,Martin Booth,1990,The American,2010,2010_2014,Drama_Literary,medium,"A Very Private Gentleman (1990), Martin Booth",The American (2010),https://en.wikipedia.org/wiki/List_of_fiction_works_made_into_feature_films_(S%E2%80%93Z)
9,A Wrinkle in Time,Madeleine L'Engle,1962,A Wrinkle in Time,2018,2015_2019,Drama_Literary,medium,"A Wrinkle in Time (1962), Madeleine L'Engle",A Wrinkle in Time (2018),https://en.wikipedia.org/wiki/List_of_fiction_works_made_into_feature_films_(S%E2%80%93Z)
10,Anime Supremacy!,Mizuki Tsujimura,2014,Anime Supremacy!,2022,2020_2024,Drama_Literary,medium,"Anime Supremacy! (ハケンアニメ!, Haken Anime!) (2014), Mizuki Tsujimura",Anime Supremacy! (2022),"https://en.wikipedia.org/wiki/List_of_fiction_works_made_into_feature_films_(0%E2%80%939,_A%E2%80%93C)"
11,A Mother's Gift,Britney Spears and Lynne Spears,2001,Brave New Girl,2004,2000_2004,Drama_Literary,medium,"A Mother's Gift (2001), Britney Spears and Lynne Spears",Brave New Girl (2004),https://en.wikipedia.org/wiki/List_of_fiction_works_made_into_feature_films_(K%E2%80%93R)
12,Adam Resurrected,Yoram Kaniuk,1969,Adam Resurrected,2009,2005_2009,Drama_Literary,medium,"Adam Resurrected (Hebrew: אדם בן כלב) (1969), Yoram Kaniuk",Adam Resurrected (2009),"https://en.wikipedia.org/wiki/List_of_fiction_works_made_into_feature_films_(0%E2%80%939,_A%E2%80%93C)"
13,Airborn,Kenneth Oppel,2004,Airborn,2012,2010_2014,Drama_Literary,medium,"Airborn (2004), Kenneth Oppel",Airborn (2012),"https://en.wikipedia.org/wiki/List_of_fiction_works_made_into_feature_films_(0%E2%80%939,_A%E2%80%93C)"
14,Annihilation,Jeff VanderMeer,2014,Annihilation,2018,2015_2019,Drama_Literary,medium,"Annihilation (2014), Jeff VanderMeer",Annihilation (2018),"https://en.wikipedia.org/wiki/List_of_fiction_works_made_into_feature_films_(0%E2%80%939,_A%E2%80%93C)"
15,Atomised,Michel Houellebecq,1998,The Elementary Particles,2021,2020_2024,Drama_Literary,medium,"Atomised (French: Les Particules élémentaires) (1998), Michel Houellebecq",The Elementary Particles (2021),"https://en.wikipedia.org/wiki/List_of_fiction_works_made_into_feature_films_(0%E2%80%939,_A%E2%80%93C)"
16,A Widow for One Year,John Irving,1998,The Door in the Floor,2004,2000_2004,Drama_Literary,medium,"A Widow for One Year (1998), John Irving",The Door in the Floor (2004),https://en.wikipedia.org/wiki/List_of_fiction_works_made_into_feature_films_(S%E2%80%93Z)
17,All the Way,Andy Behrens,2001,Sex Drive,2008,2005_2009,Drama_Literary,medium,"All the Way (2001), Andy Behrens",Sex Drive (2008),"https://en.wikipedia.org/wiki/List_of_fiction_works_made_into_feature_films_(0%E2%80%939,_A%E2%80%93C)"
18,All You Need Is Kill,Hiroshi Sakurazaka,2009,Edge of Tomorrow,2014,2010_2014,Drama_Literary,medium,"All You Need Is Kill (2009), Hiroshi Sakurazaka",Edge of Tomorrow (2014),"https://en.wikipedia.org/wiki/List_of_fiction_works_made_into_feature_films_(0%E2%80%939,_A%E2%80%93C)"
19,Ben-Hur: A Tale of the Christ,Lew Wallace,1880,Ben-Hur,2016,2015_2019,Drama_Literary,medium,"Ben-Hur: A Tale of the Christ (1880), Lew Wallace",Ben-Hur (2016),"https://en.wikipedia.org/wiki/List_of_fiction_works_made_into_feature_films_(0%E2%80%939,_A%E2%80%93C)"
20,Berlin Alexanderplatz,Alfred Döblin,1929,Berlin Alexanderplatz,2020,2020_2024,Drama_Literary,medium,"Berlin Alexanderplatz (1929), Alfred Döblin",Berlin Alexanderplatz (2020),"https://en.wikipedia.org/wiki/List_of_fiction_works_made_into_feature_films_(0%E2%80%939,_A%E2%80%93C)"
21,"Crouching Tiger, Hidden Dragon",Wang Dulu,1942,"Crouching Tiger, Hidden Dragon",2000,2000_2004,Fantasy_SciFi,medium,"Crouching Tiger, Hidden Dragon (Chinese: 卧虎藏龙, Wòhǔ Cánglóng) (1942), Wang Dulu","Crouching Tiger, Hidden Dragon (2000)","https://en.wikipedia.org/wiki/List_of_fiction_works_made_into_feature_films_(0%E2%80%939,_A%E2%80%93C)"
22,A Scanner Darkly,Philip K. Dick,1977,A Scanner Darkly,2006,2005_2009,Fantasy_SciFi,medium,"A Scanner Darkly (1977), Philip K. Dick",A Scanner Darkly (2006),https://en.wikipedia.org/wiki/List_of_fiction_works_made_into_feature_films_(S%E2%80%93Z)
23,Beautiful Creatures,Kami Garcia and Margaret Stohl,2009,Beautiful Creatures,2013,2010_2014,Fantasy_SciFi,medium,"Beautiful Creatures (2009), Kami Garcia and Margaret Stohl",Beautiful Creatures (2013),"https://en.wikipedia.org/wiki/List_of_fiction_works_made_into_feature_films_(0%E2%80%939,_A%E2%80%93C)"
24,Do Androids Dream of Electric Sheep?,Philip K. Dick,1967,Blade Runner 2049,2017,2015_2019,Fantasy_SciFi,medium,"Do Androids Dream of Electric Sheep? (1967), Philip K. Dick",Blade Runner 2049 (2017),https://en.wikipedia.org/wiki/List_of_fiction_works_made_into_feature_films_(D%E2%80%93J)
25,Dune,Frank Herbert,1965,Dune: Part Two,2024,2020_2024,Fantasy_SciFi,medium,"Dune (1965), Frank Herbert",Dune: Part Two (2024),https://en.wikipedia.org/wiki/List_of_fiction_works_made_into_feature_films_(D%E2%80%93J)
26,The Lord of the Rings,J. R. R. Tolkien,1954,The Lord of the Rings: The Return of the King,2003,2000_2004,Fantasy_SciFi,medium,"The Lord of the Rings (1954–1955), J. R. R. Tolkien",The Lord of the Rings: The Return of the King (2003),https://en.wikipedia.org/wiki/List_of_fiction_works_made_into_feature_films_(K%E2%80%93R)
27,Dragons of Autumn Twilight,Margaret Weis and Tracy Hickman,1984,Dragonlance: Dragons of Autumn Twilight,2008,2005_2009,Fantasy_SciFi,medium,"Dragons of Autumn Twilight (1984), Margaret Weis and Tracy Hickman",Dragonlance: Dragons of Autumn Twilight (2008),https://en.wikipedia.org/wiki/List_of_fiction_works_made_into_feature_films_(D%E2%80%93J)
28,Radio Free Albemuth,Philip K. Dick,1976,Radio Free Albemuth,2011,2010_2014,Fantasy_SciFi,medium,"Radio Free Albemuth (1976), Philip K. Dick",Radio Free Albemuth (2011),https://en.wikipedia.org/wiki/List_of_fiction_works_made_into_feature_films_(K%E2%80%93R)
29,Fahrenheit 451,Ray Bradbury,1953,Fahrenheit 451,2018,2015_2019,Fantasy_SciFi,medium,"Fahrenheit 451 (1953), Ray Bradbury",Fahrenheit 451 (2018),https://en.wikipedia.org/wiki/List_of_fiction_works_made_into_feature_films_(D%E2%80%93J)
30,Jurassic Park,Michael Crichton,1990,Jurassic World Dominion,2022,2020_2024,Fantasy_SciFi,medium,"Jurassic Park (1990), Michael Crichton",Jurassic World Dominion (2022),https://en.wikipedia.org/wiki/List_of_fiction_works_made_into_feature_films_(D%E2%80%93J)
31,Timeline,Michael Crichton,1999,Timeline,2003,2000_2004,Fantasy_SciFi,medium,"Timeline (1999), Michael Crichton",Timeline (2003),https://en.wikipedia.org/wiki/List_of_fiction_works_made_into_feature_films_(S%E2%80%93Z)
32,Eragon,Christopher Paolini,2003,Eragon,2006,2005_2009,Fantasy_SciFi,medium,"Eragon (2003), Christopher Paolini",Eragon (2006),https://en.wikipedia.org/wiki/List_of_fiction_works_made_into_feature_films_(D%E2%80%93J)
33,The Girl Who Leapt Through Time,Yasutaka Tsutsui,1966,Time Traveller: The Girl Who Leapt Through Time,2010,2010_2014,Fantasy_SciFi,medium,"The Girl Who Leapt Through Time (時をかける少女, Toki o Kakeru Shōjo) (serialised 1966–1967, published as a book 1967), Yasutaka Tsutsui",Time Traveller: The Girl Who Leapt Through Time (2010),https://en.wikipedia.org/wiki/List_of_fiction_works_made_into_feature_films_(D%E2%80%93J)
34,Ready Player One,Ernest Cline,2011,Ready Player One,2018,2015_2019,Fantasy_SciFi,medium,"Ready Player One (2011), Ernest Cline",Ready Player One (2018),https://en.wikipedia.org/wiki/List_of_fiction_works_made_into_feature_films_(K%E2%80%93R)
35,Planet of the Apes,Pierre Boulle,1963,Kingdom of the Planet of the Apes,2024,2020_2024,Fantasy_SciFi,medium,"Planet of the Apes (French: La Planète des singes) (1963), Pierre Boulle",Kingdom of the Planet of the Apes (2024),https://en.wikipedia.org/wiki/List_of_fiction_works_made_into_feature_films_(K%E2%80%93R)
36,Waltz into Darkness,Cornell Woolrich,1947,Original Sin,2001,2000_2004,Fantasy_SciFi,medium,"Waltz into Darkness (1947), Cornell Woolrich",Original Sin (2001),https://en.wikipedia.org/wiki/List_of_fiction_works_made_into_feature_films_(S%E2%80%93Z)
37,Northern Lights,Philip Pullman,1995,The Golden Compass,2007,2005_2009,Fantasy_SciFi,medium,"Northern Lights (1995), Philip Pullman",The Golden Compass (2007),https://en.wikipedia.org/wiki/List_of_fiction_works_made_into_feature_films_(K%E2%80%93R)
38,The Hobbit,J. R. R. Tolkien,1937,The Hobbit: The Battle of the Five Armies,2014,2010_2014,Fantasy_SciFi,medium,"The Hobbit (1937), J. R. R. Tolkien",The Hobbit: The Battle of the Five Armies (2014),https://en.wikipedia.org/wiki/List_of_fiction_works_made_into_feature_films_(D%E2%80%93J)
39,The Wonderful Wizard of Oz,L. Frank Baum,1900,The Steam Engines of Oz,2018,2015_2019,Fantasy_SciFi,medium,"The Wonderful Wizard of Oz (1900), L. Frank Baum",The Steam Engines of Oz (2018),https://en.wikipedia.org/wiki/List_of_fiction_works_made_into_feature_films_(S%E2%80%93Z)
40,Spaceman of Bohemia,Jaroslav Kalfař,2017,Spaceman,2024,2020_2024,Fantasy_SciFi,medium,"Spaceman of Bohemia (2017), Jaroslav Kalfař",Spaceman (2024),https://en.wikipedia.org/wiki/List_of_fiction_works_made_into_feature_films_(S%E2%80%93Z)
41,A Walk to Remember,Nicholas Sparks,1999,A Walk to Remember,2002,2000_2004,Romance,medium,"A Walk to Remember (1999), Nicholas Sparks",A Walk to Remember (2002),https://en.wikipedia.org/wiki/List_of_fiction_works_made_into_feature_films_(S%E2%80%93Z)
42,Nights in Rodanthe,Nicholas Sparks,2002,Nights in Rodanthe,2008,2005_2009,Romance,medium,"Nights in Rodanthe (2002), Nicholas Sparks",Nights in Rodanthe (2008),https://en.wikipedia.org/wiki/List_of_fiction_works_made_into_feature_films_(K%E2%80%93R)
43,Dear John,Nicholas Sparks,2006,Dear John,2010,2010_2014,Romance,medium,"Dear John (2006), Nicholas Sparks",Dear John (2010),https://en.wikipedia.org/wiki/List_of_fiction_works_made_into_feature_films_(D%E2%80%93J)
44,After,Anna Todd,2014,After,2019,2015_2019,Romance,medium,"After (2014), Anna Todd",After (2019),"https://en.wikipedia.org/wiki/List_of_fiction_works_made_into_feature_films_(0%E2%80%939,_A%E2%80%93C)"
45,After Ever Happy,Anna Todd,2015,After Ever Happy,2022,2020_2024,Romance,medium,"After Ever Happy (2015), Anna Todd",After Ever Happy (2022),"https://en.wikipedia.org/wiki/List_of_fiction_works_made_into_feature_films_(0%E2%80%939,_A%E2%80%93C)"
46,Possession: A Romance,A. S. Byatt,1990,Possession,2002,2000_2004,Romance,medium,"Possession: A Romance (1990), A. S. Byatt",Possession (2002),https://en.wikipedia.org/wiki/List_of_fiction_works_made_into_feature_films_(K%E2%80%93R)
47,The Nanny Diaries,Emma McLaughlin and Nicola Kraus,2002,The Nanny Diaries,2007,2005_2009,Romance,medium,"The Nanny Diaries (2002), Emma McLaughlin and Nicola Kraus",The Nanny Diaries (2007),https://en.wikipedia.org/wiki/List_of_fiction_works_made_into_feature_films_(K%E2%80%93R)
48,The Last Song,Nicholas Sparks,2009,The Last Song,2010,2010_2014,Romance,medium,"The Last Song (2009), Nicholas Sparks",The Last Song (2010),https://en.wikipedia.org/wiki/List_of_fiction_works_made_into_feature_films_(K%E2%80%93R)
49,After Everything,Anna Todd,2015,After Everything,2023,2020_2024,Romance,medium,"After Everything (2015), Anna Todd",After Everything (2023),"https://en.wikipedia.org/wiki/List_of_fiction_works_made_into_feature_films_(0%E2%80%939,_A%E2%80%93C)"
50,The Notebook,Nicholas Sparks,1996,The Notebook,2004,2000_2004,Romance,medium,"The Notebook (1996), Nicholas Sparks",The Notebook (2004),https://en.wikipedia.org/wiki/List_of_fiction_works_made_into_feature_films_(K%E2%80%93R)
51,A Painted House,John Grisham,2001,A Painted House,2003,2000_2004,Thriller_Mystery_Crime,medium,"A Painted House (2001), John Grisham",A Painted House (2003),https://en.wikipedia.org/wiki/List_of_fiction_works_made_into_feature_films_(K%E2%80%93R)
52,Angels & Demons,Dan Brown,2000,Angels & Demons,2009,2005_2009,Thriller_Mystery_Crime,medium,"Angels & Demons (2000), Dan Brown",Angels & Demons (2009),"https://en.wikipedia.org/wiki/List_of_fiction_works_made_into_feature_films_(0%E2%80%939,_A%E2%80%93C)"
53,One Shot,Lee Child,2004,Jack Reacher,2012,2010_2014,Thriller_Mystery_Crime,medium,"One Shot (2004), Lee Child",Jack Reacher (2012),https://en.wikipedia.org/wiki/List_of_fiction_works_made_into_feature_films_(K%E2%80%93R)
54,3 Assassins,Kōtarō Isaka,2004,Grasshopper,2015,2015_2019,Thriller_Mystery_Crime,medium,"3 Assassins (グラスホッパー, Gurasuhoppā) (2004), Kōtarō Isaka",Grasshopper (2015),"https://en.wikipedia.org/wiki/List_of_fiction_works_made_into_feature_films_(0%E2%80%939,_A%E2%80%93C)"
55,Death on the Nile,Agatha Christie,1937,Death on the Nile,2022,2020_2024,Thriller_Mystery_Crime,medium,"Death on the Nile (1937), Agatha Christie",Death on the Nile (2022),https://en.wikipedia.org/wiki/List_of_fiction_works_made_into_feature_films_(D%E2%80%93J)
56,Along Came a Spider,James Patterson,1993,Along Came a Spider,2001,2000_2004,Thriller_Mystery_Crime,medium,"Along Came a Spider (1993), James Patterson",Along Came a Spider (2001),"https://en.wikipedia.org/wiki/List_of_fiction_works_made_into_feature_films_(0%E2%80%939,_A%E2%80%93C)"
57,Detective,Arthur Hailey,1997,Detective,2005,2005_2009,Thriller_Mystery_Crime,medium,"Detective (1997), Arthur Hailey",Detective (2005),https://en.wikipedia.org/wiki/List_of_fiction_works_made_into_feature_films_(D%E2%80%93J)
58,The Feather Men,Sir Ranulph Fiennes,1991,Killer Elite,2011,2010_2014,Thriller_Mystery_Crime,medium,"The Feather Men (1991), Sir Ranulph Fiennes",Killer Elite (2011),https://en.wikipedia.org/wiki/List_of_fiction_works_made_into_feature_films_(D%E2%80%93J)
59,Heidi,Johanna Spyri,1880,Heidi,2015,2015_2019,Thriller_Mystery_Crime,medium,"Heidi (1880–81), Johanna Spyri",Heidi (2015),https://en.wikipedia.org/wiki/List_of_fiction_works_made_into_feature_films_(D%E2%80%93J)
60,And Then There Were None,Agatha Christie,1939,Identity,2003,2000_2004,Thriller_Mystery_Crime,medium,"And Then There Were None (1939), Agatha Christie",Identity (2003),"https://en.wikipedia.org/wiki/List_of_fiction_works_made_into_feature_films_(0%E2%80%939,_A%E2%80%93C)"
61,The Assassination of Jesse James by the Coward Robert Ford,Ron Hansen,1983,The Assassination of Jesse James by the Coward Robert Ford,2007,2005_2009,Thriller_Mystery_Crime,medium,"The Assassination of Jesse James by the Coward Robert Ford (1983), Ron Hansen",The Assassination of Jesse James by the Coward Robert Ford (2007),"https://en.wikipedia.org/wiki/List_of_fiction_works_made_into_feature_films_(0%E2%80%939,_A%E2%80%93C)"
62,The Killer Inside Me,Jim Thompson,1952,The Killer Inside Me,2010,2010_2014,Thriller_Mystery_Crime,medium,"The Killer Inside Me (1952), Jim Thompson",The Killer Inside Me (2010),https://en.wikipedia.org/wiki/List_of_fiction_works_made_into_feature_films_(K%E2%80%93R)
63,Murder on the Orient Express,Agatha Christie,1934,Murder on the Orient Express,2017,2015_2019,Thriller_Mystery_Crime,medium,"Murder on the Orient Express (1934), Agatha Christie",Murder on the Orient Express (2017),https://en.wikipedia.org/wiki/List_of_fiction_works_made_into_feature_films_(K%E2%80%93R)
64,Antikiller,Daniil Koretsky,1999,Antikiller,2002,2000_2004,Thriller_Mystery_Crime,medium,"Antikiller (French: Антикиллер) (1999), Daniil Koretsky",Antikiller (2002),"https://en.wikipedia.org/wiki/List_of_fiction_works_made_into_feature_films_(0%E2%80%939,_A%E2%80%93C)"
65,The Constant Gardener,John le Carré,2001,The Constant Gardener,2005,2005_2009,Thriller_Mystery_Crime,medium,"The Constant Gardener (2001), John le Carré",The Constant Gardener (2005),"https://en.wikipedia.org/wiki/List_of_fiction_works_made_into_feature_films_(0%E2%80%939,_A%E2%80%93C)"
66,The Lincoln Lawyer,Michael Connelly,2005,The Lincoln Lawyer,2011,2010_2014,Thriller_Mystery_Crime,medium,"The Lincoln Lawyer (2005), Michael Connelly",The Lincoln Lawyer (2011),https://en.wikipedia.org/wiki/List_of_fiction_works_made_into_feature_films_(K%E2%80%93R)
67,Blood Work,Michael Connelly,1998,Blood Work,2002,2000_2004,Thriller_Mystery_Crime,medium,"Blood Work (1998), Michael Connelly",Blood Work (2002),"https://en.wikipedia.org/wiki/List_of_fiction_works_made_into_feature_films_(0%E2%80%939,_A%E2%80%93C)"
68,The Crime of Father Amaro,José Maria de Eça de Queiroz,1875,O Crime do Padre Amaro,2005,2005_2009,Thriller_Mystery_Crime,medium,"The Crime of Father Amaro (Portuguese: O Crime do Padre Amaro) (1875), José Maria de Eça de Queiroz",O Crime do Padre Amaro (2005),"https://en.wikipedia.org/wiki/List_of_fiction_works_made_into_feature_films_(0%E2%80%939,_A%E2%80%93C)"
69,"Tinker, Tailor, Soldier, Spy",John le Carré,1974,"Tinker, Tailor, Soldier, Spy",2011,2010_2014,Thriller_Mystery_Crime,medium,"Tinker, Tailor, Soldier, Spy (1974), John le Carré","Tinker, Tailor, Soldier, Spy (2011)",https://en.wikipedia.org/wiki/List_of_fiction_works_made_into_feature_films_(S%E2%80%93Z)
70,Emil and the Detectives,Erich Kästner,1929,Emil and the Detectives,2001,2000_2004,Thriller_Mystery_Crime,medium,"Emil and the Detectives (German: Emil und die Detektive) (1929), Erich Kästner",Emil and the Detectives (2001),https://en.wikipedia.org/wiki/List_of_fiction_works_made_into_feature_films_(D%E2%80%93J)
71,Dreamcatcher,Stephen King,2001,Dreamcatcher,2003,2000_2004,Horror,medium,"Dreamcatcher (2001), Stephen King",Dreamcatcher (2003),https://en.wikipedia.org/wiki/List_of_fiction_works_made_into_feature_films_(D%E2%80%93J)
72,Escape to Witch Mountain,Alexander Key,1968,Race to Witch Mountain,2009,2005_2009,Horror,medium,"Escape to Witch Mountain (1968), Alexander Key",Race to Witch Mountain (2009),https://en.wikipedia.org/wiki/List_of_fiction_works_made_into_feature_films_(D%E2%80%93J)
73,Carrie,Stephen King,1974,Carrie,2013,2010_2014,Horror,medium,"Carrie (1974), Stephen King",Carrie (2013),"https://en.wikipedia.org/wiki/List_of_fiction_works_made_into_feature_films_(0%E2%80%939,_A%E2%80%93C)"
74,Cell,Stephen King,2006,Cell,2016,2015_2019,Horror,medium,"Cell (2006), Stephen King",Cell (2016),"https://en.wikipedia.org/wiki/List_of_fiction_works_made_into_feature_films_(0%E2%80%939,_A%E2%80%93C)"
75,Dracula,Bram Stoker,1897,Nosferatu,2024,2020_2024,Horror,medium,"Dracula (1897), Bram Stoker",Nosferatu (2024),https://en.wikipedia.org/wiki/List_of_fiction_works_made_into_feature_films_(D%E2%80%93J)
76,Exit Wounds,John Westermann,1990,Exit Wounds,2001,2000_2004,Horror,medium,"Exit Wounds (1990), John Westermann",Exit Wounds (2001),https://en.wikipedia.org/wiki/List_of_fiction_works_made_into_feature_films_(D%E2%80%93J)
77,The Amityville Horror,Jay Anson,1977,The Amityville Horror,2005,2005_2009,Horror,medium,"The Amityville Horror (1977), Jay Anson",The Amityville Horror (2005),"https://en.wikipedia.org/wiki/List_of_fiction_works_made_into_feature_films_(0%E2%80%939,_A%E2%80%93C)"
78,The Ghost,Robert Harris,2007,The Ghost Writer,2010,2010_2014,Horror,medium,"The Ghost (2007), Robert Harris",The Ghost Writer (2010),https://en.wikipedia.org/wiki/List_of_fiction_works_made_into_feature_films_(D%E2%80%93J)
79,Doctor Sleep,Stephen King,2013,Doctor Sleep,2019,2015_2019,Horror,medium,"Doctor Sleep (2013), Stephen King",Doctor Sleep (2019),https://en.wikipedia.org/wiki/List_of_fiction_works_made_into_feature_films_(D%E2%80%93J)
80,Firestarter,Stephen King,1980,Firestarter,2022,2020_2024,Horror,medium,"Firestarter (1980), Stephen King",Firestarter (2022),https://en.wikipedia.org/wiki/List_of_fiction_works_made_into_feature_films_(D%E2%80%93J)
81,Charlotte Gray,Sebastian Faulks,1999,Charlotte Gray,2001,2000_2004,Historical_Biography,medium,"Charlotte Gray (1999), Sebastian Faulks",Charlotte Gray (2001),"https://en.wikipedia.org/wiki/List_of_fiction_works_made_into_feature_films_(0%E2%80%939,_A%E2%80%93C)"
82,A History of Violence,John Wagner,1997,A History of Violence,2005,2005_2009,Historical_Biography,medium,"A History of Violence (1997), John Wagner",A History of Violence (2005),https://en.wikipedia.org/wiki/List_of_fiction_works_made_into_feature_films_(D%E2%80%93J)
83,War Horse,Michael Morpurgo,1982,War Horse,2011,2010_2014,Historical_Biography,medium,"War Horse (1982), Michael Morpurgo",War Horse (2011),https://en.wikipedia.org/wiki/List_of_fiction_works_made_into_feature_films_(S%E2%80%93Z)
84,Father of the Bride,Edward Streeter,1949,Father of the Bride,2022,2020_2024,Historical_Biography,medium,"Father of the Bride (1949), Edward Streeter",Father of the Bride (2022),https://en.wikipedia.org/wiki/List_of_fiction_works_made_into_feature_films_(D%E2%80%93J)
85,Hart's War,John Katzenbach,1999,Hart's War,2002,2000_2004,Historical_Biography,medium,"Hart's War (1999), John Katzenbach",Hart's War (2002),https://en.wikipedia.org/wiki/List_of_fiction_works_made_into_feature_films_(D%E2%80%93J)
86,All the King's Men,Robert Penn Warren,1946,All the King's Men,2006,2005_2009,Historical_Biography,medium,"All the King's Men (1946), Robert Penn Warren",All the King's Men (2006),"https://en.wikipedia.org/wiki/List_of_fiction_works_made_into_feature_films_(0%E2%80%939,_A%E2%80%93C)"
87,The Fake Fusé: Satomi Hakkenden,Kazuki Sakuraba,2010,"Fusé: Memoirs of the Hunter Girl (伏 鉄砲娘の捕物帳, Fusé: Teppō Musume no Torimonochō)",2012,2010_2014,Historical_Biography,medium,"The Fake Fusé: Satomi Hakkenden (伏 贋作・里見八犬伝, Fusé Gansaku: Satomi Hakkenden) (2010), Kazuki Sakuraba","Fusé: Memoirs of the Hunter Girl (伏 鉄砲娘の捕物帳, Fusé: Teppō Musume no Torimonochō) (2012)",https://en.wikipedia.org/wiki/List_of_fiction_works_made_into_feature_films_(D%E2%80%93J)
88,The War of the Worlds,H. G. Wells,1898,War of the Worlds: The Attack,2023,2020_2024,Historical_Biography,medium,"The War of the Worlds (1898), H. G. Wells",War of the Worlds: The Attack (2023),https://en.wikipedia.org/wiki/List_of_fiction_works_made_into_feature_films_(S%E2%80%93Z)
89,Jitter Joint,Howard Swindle,1999,D-Tox,2002,2000_2004,Historical_Biography,medium,"Jitter Joint (1999), Howard Swindle",D-Tox (2002),https://en.wikipedia.org/wiki/List_of_fiction_works_made_into_feature_films_(D%E2%80%93J)
90,Eye of the Needle,Ken Follett,1978,Fanaa,2006,2005_2009,Historical_Biography,medium,"Eye of the Needle (1978), Ken Follett",Fanaa (2006),https://en.wikipedia.org/wiki/List_of_fiction_works_made_into_feature_films_(D%E2%80%93J)
91,Bless the Child,Cathy Cash Spellman,1993,Bless the Child,2000,2000_2004,Family_Children_YA,medium,"Bless the Child (1993), Cathy Cash Spellman",Bless the Child (2000),"https://en.wikipedia.org/wiki/List_of_fiction_works_made_into_feature_films_(0%E2%80%939,_A%E2%80%93C)"
92,Bridge to Terabithia,Katherine Paterson,1977,Bridge to Terabithia,2007,2005_2009,Family_Children_YA,medium,"Bridge to Terabithia (1977), Katherine Paterson",Bridge to Terabithia (2007),"https://en.wikipedia.org/wiki/List_of_fiction_works_made_into_feature_films_(0%E2%80%939,_A%E2%80%93C)"
93,Avalon High,Meg Cabot,2005,Avalon High,2010,2010_2014,Family_Children_YA,medium,"Avalon High (2005), Meg Cabot",Avalon High (2010),"https://en.wikipedia.org/wiki/List_of_fiction_works_made_into_feature_films_(0%E2%80%939,_A%E2%80%93C)"
94,The BFG,Roald Dahl,1982,The BFG,2016,2015_2019,Family_Children_YA,medium,"The BFG (1982), Roald Dahl",The BFG (2016),"https://en.wikipedia.org/wiki/List_of_fiction_works_made_into_feature_films_(0%E2%80%939,_A%E2%80%93C)"
95,Charlie and the Chocolate Factory,Roald Dahl,1964,Wonka,2023,2020_2024,Family_Children_YA,medium,"Charlie and the Chocolate Factory (1964), Roald Dahl",Wonka (2023),"https://en.wikipedia.org/wiki/List_of_fiction_works_made_into_feature_films_(0%E2%80%939,_A%E2%80%93C)"
96,Wonder Boys,Michael Chabon,1995,Wonder Boys,2000,2000_2004,Family_Children_YA,medium,"Wonder Boys (1995), Michael Chabon",Wonder Boys (2000),https://en.wikipedia.org/wiki/List_of_fiction_works_made_into_feature_films_(S%E2%80%93Z)
97,Charlotte's Web,E. B. White,1952,Charlotte's Web,2006,2005_2009,Family_Children_YA,medium,"Charlotte's Web (1952), E. B. White",Charlotte's Web (2006),"https://en.wikipedia.org/wiki/List_of_fiction_works_made_into_feature_films_(0%E2%80%939,_A%E2%80%93C)"
98,Nineteen Eighty-Four,George Orwell,1949,1984,2023,2020_2024,Family_Children_YA,medium,"Nineteen Eighty-Four (1949), George Orwell",1984 (2023),https://en.wikipedia.org/wiki/List_of_fiction_works_made_into_feature_films_(K%E2%80%93R)
99,The Children of Men,P. D. James,1992,Children of Men,2006,2005_2009,Family_Children_YA,medium,"The Children of Men (1992), P. D. James",Children of Men (2006),"https://en.wikipedia.org/wiki/List_of_fiction_works_made_into_feature_films_(0%E2%80%939,_A%E2%80%93C)"
100,The Adventures of Pinocchio,Carlo Collodi,1883,Pinocchio: A True Story,2022,2020_2024,Family_Children_YA,medium,"The Adventures of Pinocchio (Italian: Le avventure di Pinocchio. Storia di un burattino) (1883), Carlo Collodi",Pinocchio: A True Story (2022),"https://en.wikipedia.org/wiki/List_of_fiction_works_made_into_feature_films_(0%E2%80%939,_A%E2%80%93C)"
101,Battle Royale,Koushun Takami,1999,Battle Royale,2000,2000_2004,Action_Adventure,medium,"Battle Royale (バトル・ロワイアル, Batoru Rowaiaru) (1999), Koushun Takami",Battle Royale (2000),"https://en.wikipedia.org/wiki/List_of_fiction_works_made_into_feature_films_(0%E2%80%939,_A%E2%80%93C)"
102,Derailed,James Siegel,2003,Derailed,2005,2005_2009,Action_Adventure,medium,"Derailed (2003), James Siegel",Derailed (2005),https://en.wikipedia.org/wiki/List_of_fiction_works_made_into_feature_films_(D%E2%80%93J)
103,Headhunters,Jules Bass,2001,Monte Carlo,2011,2010_2014,Action_Adventure,medium,"Headhunters (2001), Jules Bass",Monte Carlo (2011),https://en.wikipedia.org/wiki/List_of_fiction_works_made_into_feature_films_(D%E2%80%93J)
104,Starship Troopers,Robert A. Heinlein,1959,Starship Troopers: Traitor of Mars,2017,2015_2019,Action_Adventure,medium,"Starship Troopers (1959), Robert A. Heinlein",Starship Troopers: Traitor of Mars (2017),https://en.wikipedia.org/wiki/List_of_fiction_works_made_into_feature_films_(S%E2%80%93Z)
105,Around the World in Eighty Days,Jules Verne,1873,Around the World in 80 Days,2021,2020_2024,Action_Adventure,medium,"Around the World in Eighty Days (French: Le tour du monde en quatre-vingts jours) (1873), Jules Verne",Around the World in 80 Days (2021),"https://en.wikipedia.org/wiki/List_of_fiction_works_made_into_feature_films_(0%E2%80%939,_A%E2%80%93C)"
106,Battlefield Earth,L. Ron Hubbard,1982,Battlefield Earth,2000,2000_2004,Action_Adventure,medium,"Battlefield Earth (1982), L. Ron Hubbard",Battlefield Earth (2000),"https://en.wikipedia.org/wiki/List_of_fiction_works_made_into_feature_films_(0%E2%80%939,_A%E2%80%93C)"
107,Journey to the Center of the Earth,Jules Verne,1864,Journey to the Center of the Earth,2008,2005_2009,Action_Adventure,medium,"Journey to the Center of the Earth (French: Voyage au centre de la Terre) (1864), Jules Verne",Journey to the Center of the Earth (2008),https://en.wikipedia.org/wiki/List_of_fiction_works_made_into_feature_films_(D%E2%80%93J)
108,On Stranger Tides,Tim Powers,1987,Pirates of the Caribbean: On Stranger Tides,2011,2010_2014,Action_Adventure,medium,"On Stranger Tides (1987), Tim Powers",Pirates of the Caribbean: On Stranger Tides (2011),https://en.wikipedia.org/wiki/List_of_fiction_works_made_into_feature_films_(K%E2%80%93R)
109,The Adventures of Tom Sawyer,Mark Twain,1876,Band of Robbers,2015,2015_2019,Action_Adventure,medium,"The Adventures of Tom Sawyer (1876), Mark Twain",Band of Robbers (2015),"https://en.wikipedia.org/wiki/List_of_fiction_works_made_into_feature_films_(0%E2%80%939,_A%E2%80%93C)"
110,King Solomon's Mines,Sir H. Rider Haggard,1885,Allan Quatermain and the Spear of Destiny,2023,2020_2024,Action_Adventure,medium,"King Solomon's Mines (1885), Sir H. Rider Haggard",Allan Quatermain and the Spear of Destiny (2023),https://en.wikipedia.org/wiki/List_of_fiction_works_made_into_feature_films_(K%E2%80%93R)
111,Buffalo Soldiers,Robert O'Connor,1993,Buffalo Soldiers,2003,2000_2004,Action_Adventure,medium,"Buffalo Soldiers (1993), Robert O'Connor",Buffalo Soldiers (2003),"https://en.wikipedia.org/wiki/List_of_fiction_works_made_into_feature_films_(0%E2%80%939,_A%E2%80%93C)"
112,Sahara,Clive Cussler,1992,Sahara,2005,2005_2009,Action_Adventure,medium,"Sahara (1992), Clive Cussler",Sahara (2005),https://en.wikipedia.org/wiki/List_of_fiction_works_made_into_feature_films_(S%E2%80%93Z)
113,Shutter Island,Dennis Lehane,2003,Shutter Island,2010,2010_2014,Action_Adventure,medium,"Shutter Island (2003), Dennis Lehane",Shutter Island (2010),https://en.wikipedia.org/wiki/List_of_fiction_works_made_into_feature_films_(S%E2%80%93Z)
114,The Jungle Books,Rudyard Kipling,1894,Mowgli: Legend of the Jungle,2018,2015_2019,Action_Adventure,medium,"The Jungle Books (1894–1895), Rudyard Kipling",Mowgli: Legend of the Jungle (2018),https://en.wikipedia.org/wiki/List_of_fiction_works_made_into_feature_films_(D%E2%80%93J)
115,The Call of the Wild,Jack London,1903,The Call of the Wild,2020,2020_2024,Action_Adventure,medium,"The Call of the Wild (1903), Jack London",The Call of the Wild (2020),"https://en.wikipedia.org/wiki/List_of_fiction_works_made_into_feature_films_(0%E2%80%939,_A%E2%80%93C)"
116,About a Boy,Nick Hornby,1998,About a Boy,2002,2000_2004,Comedy_Satire,medium,"About a Boy (1998), Nick Hornby",About a Boy (2002),"https://en.wikipedia.org/wiki/List_of_fiction_works_made_into_feature_films_(0%E2%80%939,_A%E2%80%93C)"
117,A Room with a View,E. M. Forster,1908,A Room with a View,2007,2005_2009,Comedy_Satire,medium,"A Room with a View (1908), E. M. Forster",A Room with a View (2007),https://en.wikipedia.org/wiki/List_of_fiction_works_made_into_feature_films_(K%E2%80%93R)
118,Girl with a Pearl Earring,Tracy Chevalier,1999,Girl with a Pearl Earring,2003,2000_2004,Comedy_Satire,medium,"Girl with a Pearl Earring (1999), Tracy Chevalier",Girl with a Pearl Earring (2003),https://en.wikipedia.org/wiki/List_of_fiction_works_made_into_feature_films_(D%E2%80%93J)
119,Breakfast with Scot,Michael Downing,1999,Breakfast with Scot,2007,2005_2009,Comedy_Satire,medium,"Breakfast with Scot (1999), Michael Downing",Breakfast with Scot (2007),"https://en.wikipedia.org/wiki/List_of_fiction_works_made_into_feature_films_(0%E2%80%939,_A%E2%80%93C)"
120,High Fidelity,Nick Hornby,1995,High Fidelity,2000,2000_2004,Comedy_Satire,medium,"High Fidelity (1995), Nick Hornby",High Fidelity (2000),https://en.wikipedia.org/wiki/List_of_fiction_works_made_into_feature_films_(D%E2%80%93J)
121,It,Stephen King,1986,It Chapter Two,2019,2015_2019,Horror,medium,"It (1986), Stephen King",It Chapter Two (2019),https://en.wikipedia.org/wiki/List_of_fiction_works_made_into_feature_films_(D%E2%80%93J)
122,The Unknown Soldier,Väinö Linna,1954,The Unknown Soldier,2017,2015_2019,Action_Adventure,medium,"The Unknown Soldier (Finnish: Tuntematon sotilas) (1954), Väinö Linna",The Unknown Soldier (2017),https://en.wikipedia.org/wiki/List_of_fiction_works_made_into_feature_films_(S%E2%80%93Z)
123,Call Me By Your Name,André Aciman,2007,Call Me By Your Name,2017,2015_2019,Drama_Literary,medium,"Call Me By Your Name (2007), André Aciman",Call Me By Your Name (2017),"https://en.wikipedia.org/wiki/List_of_fiction_works_made_into_feature_films_(0%E2%80%939,_A%E2%80%93C)"
124,Death Wish,Brian Garfield,1972,Death Wish,2018,2015_2019,Drama_Literary,medium,"Death Wish (1972), Brian Garfield",Death Wish (2018),https://en.wikipedia.org/wiki/List_of_fiction_works_made_into_feature_films_(D%E2%80%93J)
125,Devdas,Sarat Chandra Chattopadhyay,1917,Daas Dev,2018,2015_2019,Drama_Literary,medium,"Devdas (Bengali: দেবদাস) (1917), Sarat Chandra Chattopadhyay",Daas Dev (2018),https://en.wikipedia.org/wiki/List_of_fiction_works_made_into_feature_films_(D%E2%80%93J)
126,Diner,Yumeaki Hirayama,2009,Diner,2019,2015_2019,Drama_Literary,medium,"Diner (ダイナー) (2009), Yumeaki Hirayama",Diner (2019),https://en.wikipedia.org/wiki/List_of_fiction_works_made_into_feature_films_(D%E2%80%93J)
127,Far from the Madding Crowd,Thomas Hardy,1874,Far from the Madding Crowd,2015,2015_2019,Drama_Literary,medium,"Far from the Madding Crowd (1874), Thomas Hardy",Far from the Madding Crowd (2015),https://en.wikipedia.org/wiki/List_of_fiction_works_made_into_feature_films_(D%E2%80%93J)
128,First Blood,David Morrell,1972,Rambo: Last Blood,2019,2015_2019,Drama_Literary,medium,"First Blood (1972), David Morrell",Rambo: Last Blood (2019),https://en.wikipedia.org/wiki/List_of_fiction_works_made_into_feature_films_(D%E2%80%93J)
129,Freaky Friday,Mary Rodgers,1972,Freaky Friday,2018,2015_2019,Drama_Literary,medium,"Freaky Friday (1972), Mary Rodgers",Freaky Friday (2018),https://en.wikipedia.org/wiki/List_of_fiction_works_made_into_feature_films_(D%E2%80%93J)
130,Golden Slumber,Kōtarō Isaka,2007,Golden Slumber,2018,2015_2019,Drama_Literary,medium,"Golden Slumber (ゴールデンスランバー, Gōruden Surambā) (2007), Kōtarō Isaka",Golden Slumber (2018),https://en.wikipedia.org/wiki/List_of_fiction_works_made_into_feature_films_(D%E2%80%93J)
131,Great Expectations,Charles Dickens,1860,Fitoor,2016,2015_2019,Drama_Literary,medium,"Great Expectations (serialised 1860–1861, published as a book 1861), Charles Dickens",Fitoor (2016),https://en.wikipedia.org/wiki/List_of_fiction_works_made_into_feature_films_(D%E2%80%93J)
132,I Want to Eat Your Pancreas,Yoru Sumino,2014,I Want to Eat Your Pancreas,2018,2015_2019,Drama_Literary,medium,"I Want to Eat Your Pancreas (君の膵臓をたべたい, Kimi no Suizō o Tabetai) (2014), Yoru Sumino",I Want to Eat Your Pancreas (2018),https://en.wikipedia.org/wiki/List_of_fiction_works_made_into_feature_films_(D%E2%80%93J)
133,Joker Game,Koji Yanagi,2008,Joker Game,2015,2015_2019,Drama_Literary,medium,"Joker Game (ジョーカー・ゲーム, Jōkā Gēmu) (2008), Koji Yanagi",Joker Game (2015),https://en.wikipedia.org/wiki/List_of_fiction_works_made_into_feature_films_(D%E2%80%93J)
134,Lisa and Lottie,Erich Kästner,1949,Das doppelte Lottchen,2017,2015_2019,Drama_Literary,medium,"Lisa and Lottie (German: Das doppelte Lottchen) (1949), Erich Kästner",Das doppelte Lottchen (2017),https://en.wikipedia.org/wiki/List_of_fiction_works_made_into_feature_films_(K%E2%80%93R)
135,Me and Earl and the Dying Girl,Jesse Andrews,2012,Me and Earl and the Dying Girl,2015,2015_2019,Drama_Literary,medium,"Me and Earl and the Dying Girl (2012), Jesse Andrews",Me and Earl and the Dying Girl (2015),https://en.wikipedia.org/wiki/List_of_fiction_works_made_into_feature_films_(K%E2%80%93R)
136,Porno,Irvine Welsh,2002,T2 Trainspotting,2017,2015_2019,Drama_Literary,medium,"Porno (2002), Irvine Welsh",T2 Trainspotting (2017),https://en.wikipedia.org/wiki/List_of_fiction_works_made_into_feature_films_(K%E2%80%93R)
137,Shaft,Ernest Tidyman,1970,Shaft,2019,2015_2019,Drama_Literary,medium,"Shaft (1970), Ernest Tidyman",Shaft (2019),https://en.wikipedia.org/wiki/List_of_fiction_works_made_into_feature_films_(S%E2%80%93Z)
138,The Bad Seed,William March,1954,The Bad Seed,2018,2015_2019,Drama_Literary,medium,"The Bad Seed (1954), William March",The Bad Seed (2018),"https://en.wikipedia.org/wiki/List_of_fiction_works_made_into_feature_films_(0%E2%80%939,_A%E2%80%93C)"
139,The Christmas Note,Donna VanLiere,2011,The Christmas Note,2015,2015_2019,Drama_Literary,medium,"The Christmas Note (2011), Donna VanLiere",The Christmas Note (2015),"https://en.wikipedia.org/wiki/List_of_fiction_works_made_into_feature_films_(0%E2%80%939,_A%E2%80%93C)"
140,The Earthquake Bird,Susanna Jones,2001,Earthquake Bird,2019,2015_2019,Drama_Literary,medium,"The Earthquake Bird (2001), Susanna Jones",Earthquake Bird (2019),https://en.wikipedia.org/wiki/List_of_fiction_works_made_into_feature_films_(D%E2%80%93J)
141,The Girl in the Spider's Web,David Lagercrantz,2015,The Girl in the Spider's Web,2018,2015_2019,Drama_Literary,medium,"The Girl in the Spider's Web (2015), David Lagercrantz",The Girl in the Spider's Web (2018),https://en.wikipedia.org/wiki/List_of_fiction_works_made_into_feature_films_(D%E2%80%93J)
142,The Go-Between,L. P. Hartley,1953,The Go-Between,2015,2015_2019,Drama_Literary,medium,"The Go-Between (1953), L. P. Hartley",The Go-Between (2015),https://en.wikipedia.org/wiki/List_of_fiction_works_made_into_feature_films_(D%E2%80%93J)
143,The Martian,Andy Weir,2011,The Martian,2015,2015_2019,Drama_Literary,medium,"The Martian (2011), Andy Weir",The Martian (2015),https://en.wikipedia.org/wiki/List_of_fiction_works_made_into_feature_films_(K%E2%80%93R)
144,These Foolish Things,Deborah Moggach,2004,The Second Best Exotic Marigold Hotel,2015,2015_2019,Drama_Literary,medium,"These Foolish Things (2004), Deborah Moggach",The Second Best Exotic Marigold Hotel (2015),https://en.wikipedia.org/wiki/List_of_fiction_works_made_into_feature_films_(S%E2%80%93Z)
145,Trainspotting,Irvine Welsh,1993,T2 Trainspotting,2017,2015_2019,Drama_Literary,medium,"Trainspotting (1993), Irvine Welsh",T2 Trainspotting (2017),https://en.wikipedia.org/wiki/List_of_fiction_works_made_into_feature_films_(S%E2%80%93Z)
146,Verses of Love,Habiburrahman El Shirazy,2003,Verses of Love 2,2017,2015_2019,Drama_Literary,medium,"Verses of Love (Indonesian: Ayat-Ayat Cinta) (2003), Habiburrahman El Shirazy",Verses of Love 2 (2017),https://en.wikipedia.org/wiki/List_of_fiction_works_made_into_feature_films_(S%E2%80%93Z)
147,Les Misérables,Victor Hugo,1862,Les Misérables,2019,2015_2019,Drama_Literary,medium,"Les Misérables (1862), Victor Hugo",Les Misérables (2019),https://en.wikipedia.org/wiki/List_of_fiction_works_made_into_feature_films_(K%E2%80%93R)
148,Romance of the Three Kingdoms,Luo Guanzhong,,Dynasty Warriors (真·三国无双; Zhēn Sān Guó Wú Shuāng),2021,2020_2024,Historical_Biography,medium,"Romance of the Three Kingdoms (三國演義; Sānguó Yǎnyì) (14th century), Luo Guanzhong",Dynasty Warriors (真·三国无双; Zhēn Sān Guó Wú Shuāng) (2021),https://en.wikipedia.org/wiki/List_of_fiction_works_made_into_feature_films_(K%E2%80%93R)
149,Nightmare Alley,William Lindsay Gresham,1946,Nightmare Alley,2021,2020_2024,Horror,medium,"Nightmare Alley (1946), William Lindsay Gresham",Nightmare Alley (2021),https://en.wikipedia.org/wiki/List_of_fiction_works_made_into_feature_films_(K%E2%80%93R)
150,Pet Sematary,Stephen King,1983,Pet Sematary: Bloodlines,2023,2020_2024,Horror,medium,"Pet Sematary (1983), Stephen King",Pet Sematary: Bloodlines (2023),https://en.wikipedia.org/wiki/List_of_fiction_works_made_into_feature_films_(K%E2%80%93R)
151,'Salem's Lot,Stephen King,1975,'Salem's Lot,2024,2020_2024,Horror,medium,"'Salem's Lot (1975), Stephen King",'Salem's Lot (2024),https://en.wikipedia.org/wiki/List_of_fiction_works_made_into_feature_films_(S%E2%80%93Z)
152,The Devil All the Time,Donald Ray Pollock,2011,The Devil All the Time,2020,2020_2024,Horror,medium,"The Devil All the Time (2011), Donald Ray Pollock",The Devil All the Time (2020),https://en.wikipedia.org/wiki/List_of_fiction_works_made_into_feature_films_(D%E2%80%93J)
153,The Exorcist,William Peter Blatty,1971,The Exorcist: Believer,2023,2020_2024,Horror,medium,"The Exorcist (1971), William Peter Blatty",The Exorcist: Believer (2023),https://en.wikipedia.org/wiki/List_of_fiction_works_made_into_feature_films_(D%E2%80%93J)
154,The Witches,Roald Dahl,1983,The Witches,2020,2020_2024,Horror,medium,"The Witches (1983), Roald Dahl",The Witches (2020),https://en.wikipedia.org/wiki/List_of_fiction_works_made_into_feature_films_(S%E2%80%93Z)
155,Wicked: The Life and Times of the Wicked Witch of the West,Gregory Maguire,1995,Wicked,2024,2020_2024,Horror,medium,"Wicked: The Life and Times of the Wicked Witch of the West (1995), Gregory Maguire",Wicked (2024),https://en.wikipedia.org/wiki/List_of_fiction_works_made_into_feature_films_(S%E2%80%93Z)
156,After We Collided,Anna Todd,2014,After We Collided,2020,2020_2024,Romance,medium,"After We Collided (2014), Anna Todd",After We Collided (2020),"https://en.wikipedia.org/wiki/List_of_fiction_works_made_into_feature_films_(0%E2%80%939,_A%E2%80%93C)"
157,After We Fell,Anna Todd,2014,After We Fell,2021,2020_2024,Romance,medium,"After We Fell (2014), Anna Todd",After We Fell (2021),"https://en.wikipedia.org/wiki/List_of_fiction_works_made_into_feature_films_(0%E2%80%939,_A%E2%80%93C)"
158,It Ends with Us,Colleen Hoover,2016,It Ends with Us,2024,2020_2024,Romance,medium,"It Ends with Us (2016), Colleen Hoover",It Ends with Us (2024),https://en.wikipedia.org/wiki/List_of_fiction_works_made_into_feature_films_(D%E2%80%93J)
159,Black Beauty,Anna Sewell,1877,Black Beauty,2020,2020_2024,Drama_Literary,medium,"Black Beauty (1877), Anna Sewell",Black Beauty (2020),"https://en.wikipedia.org/wiki/List_of_fiction_works_made_into_feature_films_(0%E2%80%939,_A%E2%80%93C)"
160,Bonjour Tristesse,Françoise Sagan,1954,Bonjour Tristesse,2024,2020_2024,Drama_Literary,medium,"Bonjour Tristesse (Hello Sadness) (1954), Françoise Sagan",Bonjour Tristesse (2024),"https://en.wikipedia.org/wiki/List_of_fiction_works_made_into_feature_films_(0%E2%80%939,_A%E2%80%93C)"
161,Deep Water,Patricia Highsmith,1957,Deep Water,2022,2020_2024,Drama_Literary,medium,"Deep Water (1957), Patricia Highsmith",Deep Water (2022),https://en.wikipedia.org/wiki/List_of_fiction_works_made_into_feature_films_(D%E2%80%93J)
162,Fletch,Gregory Mcdonald,1974,"Confess, Fletch",2022,2020_2024,Drama_Literary,medium,"Fletch (1974), Gregory Mcdonald","Confess, Fletch (2022)",https://en.wikipedia.org/wiki/List_of_fiction_works_made_into_feature_films_(D%E2%80%93J)
163,"Good Morning, Midnight",Lily Brooks-Dalton,2016,The Midnight Sky,2020,2020_2024,Drama_Literary,medium,"Good Morning, Midnight (2016), Lily Brooks-Dalton",The Midnight Sky (2020),https://en.wikipedia.org/wiki/List_of_fiction_works_made_into_feature_films_(D%E2%80%93J)
164,I'm Thinking of Ending Things,Iain Reid,2016,I'm Thinking of Ending Things,2020,2020_2024,Drama_Literary,medium,"I'm Thinking of Ending Things (2016), Iain Reid",I'm Thinking of Ending Things (2020),https://en.wikipedia.org/wiki/List_of_fiction_works_made_into_feature_films_(D%E2%80%93J)
165,True Grit,Charles Portis,1968,True Grit,2010,2010_2014,Horror,medium,"True Grit (1968), Charles Portis",True Grit (2010),https://en.wikipedia.org/wiki/List_of_fiction_works_made_into_feature_films_(S%E2%80%93Z)
166,The Lucky One,Nicholas Sparks,2008,The Lucky One,2012,2010_2014,Romance,medium,"The Lucky One (2008), Nicholas Sparks",The Lucky One (2012),https://en.wikipedia.org/wiki/List_of_fiction_works_made_into_feature_films_(K%E2%80%93R)
167,The Mysterious Island,Jules Verne,1874,Journey 2: The Mysterious Island,2012,2010_2014,Action_Adventure,medium,"The Mysterious Island (French: L'Île mystérieuse) (1874), Jules Verne",Journey 2: The Mysterious Island (2012),https://en.wikipedia.org/wiki/List_of_fiction_works_made_into_feature_films_(K%E2%80%93R)
168,The Pirates! in an Adventure with Scientists,Gideon Defoe,2004,The Pirates! In an Adventure with Scientists,2012,2010_2014,Action_Adventure,medium,"The Pirates! in an Adventure with Scientists (2004), Gideon Defoe",The Pirates! In an Adventure with Scientists (2012),https://en.wikipedia.org/wiki/List_of_fiction_works_made_into_feature_films_(K%E2%80%93R)
169,The Siege of Trencher's Farm,Gordon Williams,1969,Straw Dogs,2011,2010_2014,Action_Adventure,medium,"The Siege of Trencher's Farm (1969), Gordon Williams",Straw Dogs (2011),https://en.wikipedia.org/wiki/List_of_fiction_works_made_into_feature_films_(S%E2%80%93Z)
170,The Host,Stephenie Meyer,2008,The Host,2013,2010_2014,Fantasy_SciFi,medium,"The Host (2008), Stephenie Meyer",The Host (2013),https://en.wikipedia.org/wiki/List_of_fiction_works_made_into_feature_films_(D%E2%80%93J)
171,The Mortal Instruments – Book One: City of Bones,Cassandra Clare,2007,The Mortal Instruments: City of Bones,2013,2010_2014,Fantasy_SciFi,medium,"The Mortal Instruments – Book One: City of Bones (2007), Cassandra Clare",The Mortal Instruments: City of Bones (2013),https://en.wikipedia.org/wiki/List_of_fiction_works_made_into_feature_films_(K%E2%80%93R)
172,Detective in the Bar,Naomi Azuma,1981,"Detective in the Bar (探偵はBARにいる, Tantei wa bar ni iru)",2011,2010_2014,Thriller_Mystery_Crime,medium,"Detective in the Bar (探偵はバーにいる, Bar ni Kakatte Kita Denwa) (1981), Naomi Azuma","Detective in the Bar (探偵はBARにいる, Tantei wa bar ni iru) (2011)",https://en.wikipedia.org/wiki/List_of_fiction_works_made_into_feature_films_(D%E2%80%93J)
173,"Brideshead Revisited, The Sacred & Profane Memories of Captain Charles Ryder",Evelyn Waugh,1945,Brideshead Revisited,2008,2005_2009,Comedy_Satire,medium,"Brideshead Revisited, The Sacred & Profane Memories of Captain Charles Ryder (1945), Evelyn Waugh",Brideshead Revisited (2008),"https://en.wikipedia.org/wiki/List_of_fiction_works_made_into_feature_films_(0%E2%80%939,_A%E2%80%93C)"
174,Dinner with a Perfect Stranger: An Invitation Worth Considering,David Gregory,2005,The Perfect Gift,2009,2005_2009,Comedy_Satire,medium,"Dinner with a Perfect Stranger: An Invitation Worth Considering (2005), David Gregory",The Perfect Gift (2009),https://en.wikipedia.org/wiki/List_of_fiction_works_made_into_feature_films_(D%E2%80%93J)
175,Fever Pitch,Nick Hornby,1992,Fever Pitch,2005,2005_2009,Comedy_Satire,medium,"Fever Pitch (1992), Nick Hornby",Fever Pitch (2005),https://en.wikipedia.org/wiki/List_of_fiction_works_made_into_feature_films_(D%E2%80%93J)
176,Header,Edward Lee,1995,Header,2006,2005_2009,Historical_Biography,medium,"Header (1995), Edward Lee",Header (2006),https://en.wikipedia.org/wiki/List_of_fiction_works_made_into_feature_films_(D%E2%80%93J)
177,Odyssey,Homer,,Odysseus and the Isle of the Mists,2007,2005_2009,Historical_Biography,medium,"Odyssey (8th century BC), Homer",Odysseus and the Isle of the Mists (2007),https://en.wikipedia.org/wiki/List_of_fiction_works_made_into_feature_films_(K%E2%80%93R)
178,Snow Angels,Stewart O'Nan,1994,Snow Angels,2007,2005_2009,Historical_Biography,medium,"Snow Angels (1994), Stewart O'Nan",Snow Angels (2007),https://en.wikipedia.org/wiki/List_of_fiction_works_made_into_feature_films_(S%E2%80%93Z)
179,The Other Boleyn Girl,Philippa Gregory,2001,The Other Boleyn Girl,2008,2005_2009,Historical_Biography,medium,"The Other Boleyn Girl (2001), Philippa Gregory",The Other Boleyn Girl (2008),https://en.wikipedia.org/wiki/List_of_fiction_works_made_into_feature_films_(K%E2%80%93R)
180,The Devil Wears Prada,Lauren Weisberger,2003,The Devil Wears Prada,2006,2005_2009,Horror,medium,"The Devil Wears Prada (2003), Lauren Weisberger",The Devil Wears Prada (2006),https://en.wikipedia.org/wiki/List_of_fiction_works_made_into_feature_films_(D%E2%80%93J)
181,The Secret Dreamworld of a Shopaholic,Madeline Wickham (as Sophie Kinsella),2003,Confessions of a Shopaholic,2009,2005_2009,Romance,medium,"The Secret Dreamworld of a Shopaholic (2003), Madeline Wickham (as Sophie Kinsella)",Confessions of a Shopaholic (2009),https://en.wikipedia.org/wiki/List_of_fiction_works_made_into_feature_films_(S%E2%80%93Z)
182,The Girls' Guide to Hunting and Fishing,Melissa Bank,2000,Suburban Girl,2008,2005_2009,Action_Adventure,medium,"The Girls' Guide to Hunting and Fishing (2000), Melissa Bank",Suburban Girl (2008),https://en.wikipedia.org/wiki/List_of_fiction_works_made_into_feature_films_(D%E2%80%93J)
183,The Lost World,Arthur Conan Doyle,1912,King of the Lost World,2005,2005_2009,Action_Adventure,medium,"The Lost World (1912), Arthur Conan Doyle",King of the Lost World (2005),https://en.wikipedia.org/wiki/List_of_fiction_works_made_into_feature_films_(K%E2%80%93R)
184,The Picture of Dorian Gray,Oscar Wilde,1890,The Picture (of Dorian Gray),2009,2005_2009,Action_Adventure,medium,"The Picture of Dorian Gray (1890), Oscar Wilde",The Picture (of Dorian Gray) (2009),https://en.wikipedia.org/wiki/List_of_fiction_works_made_into_feature_films_(K%E2%80%93R)
185,The Poseidon Adventure,Paul Gallico,1972,Poseidon,2006,2005_2009,Action_Adventure,medium,"The Poseidon Adventure (1972), Paul Gallico",Poseidon (2006),https://en.wikipedia.org/wiki/List_of_fiction_works_made_into_feature_films_(K%E2%80%93R)
186,Treasure Island,Robert Louis Stevenson,1883,Pirates of Treasure Island,2006,2005_2009,Action_Adventure,medium,"Treasure Island (1883), Robert Louis Stevenson",Pirates of Treasure Island (2006),https://en.wikipedia.org/wiki/List_of_fiction_works_made_into_feature_films_(S%E2%80%93Z)
187,Stardust,Neil Gaiman,1999,Stardust,2007,2005_2009,Fantasy_SciFi,medium,"Stardust (1999), Neil Gaiman",Stardust (2007),https://en.wikipedia.org/wiki/List_of_fiction_works_made_into_feature_films_(S%E2%80%93Z)
188,The Time Traveler's Wife,Audrey Niffenegger,2003,The Time Traveler's Wife,2009,2005_2009,Fantasy_SciFi,medium,"The Time Traveler's Wife (2003), Audrey Niffenegger",The Time Traveler's Wife (2009),https://en.wikipedia.org/wiki/List_of_fiction_works_made_into_feature_films_(S%E2%80%93Z)
189,The Da Vinci Code,Dan Brown,2003,The Da Vinci Code,2006,2005_2009,Thriller_Mystery_Crime,medium,"The Da Vinci Code (2003), Dan Brown",The Da Vinci Code (2006),https://en.wikipedia.org/wiki/List_of_fiction_works_made_into_feature_films_(D%E2%80%93J)
190,The Hitchhiker's Guide to the Galaxy,Douglas Adams,1979,The Hitchhiker's Guide to the Galaxy,2004,2000_2004,Comedy_Satire,medium,"The Hitchhiker's Guide to the Galaxy (1979), Douglas Adams",The Hitchhiker's Guide to the Galaxy (2004),https://en.wikipedia.org/wiki/List_of_fiction_works_made_into_feature_films_(D%E2%80%93J)
191,She: A History of Adventure,H. Rider Haggard,1886,She,2001,2000_2004,Historical_Biography,medium,"She: A History of Adventure (serialised 1886–87, published as a book, 1887), H. Rider Haggard",She (2001),https://en.wikipedia.org/wiki/List_of_fiction_works_made_into_feature_films_(S%E2%80%93Z)
192,The Bridge of San Luis Rey,Thornton Wilder,1927,The Bridge of San Luis Rey,2004,2000_2004,Action_Adventure,medium,"The Bridge of San Luis Rey (1927), Thornton Wilder",The Bridge of San Luis Rey (2004),"https://en.wikipedia.org/wiki/List_of_fiction_works_made_into_feature_films_(0%E2%80%939,_A%E2%80%93C)"
193,Hannibal,Thomas Harris,1999,Hannibal,2001,2000_2004,Thriller_Mystery_Crime,medium,"Hannibal (1999), Thomas Harris",Hannibal (2001),https://en.wikipedia.org/wiki/List_of_fiction_works_made_into_feature_films_(D%E2%80%93J)
194,Red Dragon,Thomas Harris,1981,Red Dragon,2002,2000_2004,Thriller_Mystery_Crime,medium,"Red Dragon (1981), Thomas Harris",Red Dragon (2002),https://en.wikipedia.org/wiki/List_of_fiction_works_made_into_feature_films_(K%E2%80%93R)
195,Skipping Christmas,John Grisham,2001,Christmas with the Kranks,2004,2000_2004,Thriller_Mystery_Crime,medium,"Skipping Christmas (2001), John Grisham",Christmas with the Kranks (2004),https://en.wikipedia.org/wiki/List_of_fiction_works_made_into_feature_films_(S%E2%80%93Z)
196,The Last Ride,Thomas Eidson,1996,The Missing,2003,2000_2004,Thriller_Mystery_Crime,medium,"The Last Ride (1996), Thomas Eidson",The Missing (2003),https://en.wikipedia.org/wiki/List_of_fiction_works_made_into_feature_films_(K%E2%80%93R)
197,The Name of the Game is Kidnapping,Keigo Higashino,2002,G@me,2003,2000_2004,Thriller_Mystery_Crime,medium,"The Name of the Game is Kidnapping (ゲームの名は誘拐, Gēmu no Na wa Yūkai) (2002), Keigo Higashino",G@me (2003),https://en.wikipedia.org/wiki/List_of_fiction_works_made_into_feature_films_(K%E2%80%93R)
198,The Runaway Jury,John Grisham,1996,Runaway Jury,2003,2000_2004,Thriller_Mystery_Crime,medium,"The Runaway Jury (1996), John Grisham",Runaway Jury (2003),https://en.wikipedia.org/wiki/List_of_fiction_works_made_into_feature_films_(K%E2%80%93R)
199,The Sum of All Fears,Tom Clancy,1991,The Sum of All Fears,2002,2000_2004,Thriller_Mystery_Crime,medium,"The Sum of All Fears (1991), Tom Clancy",The Sum of All Fears (2002),https://en.wikipedia.org/wiki/List_of_fiction_works_made_into_feature_films_(S%E2%80%93Z)
200,The Mirror Crack'd from Side to Side,Agatha Christie,1962,Shubho Mahurat,2003,2000_2004,Thriller_Mystery_Crime,medium,"The Mirror Crack'd from Side to Side (1962), Agatha Christie",Shubho Mahurat (Bengali: শুভ মহরৎ) (2003),https://en.wikipedia.org/wiki/List_of_fiction_works_made_into_feature_films_(K%E2%80%93R)
